{"cameraMode":{"drawMode":0,"name":"Shaded","section":"Shading Mode"},"sceneLighting":false,"audioPlay":false,"sceneViewState":{"showFog":true,"showMaterialUpdate":false,"showSkybox":false,"showFlares":true,"showImageEffects":true,"showParticleSystems":true},"in2DMode":false,"pivot":{"x":-0.000007271766662597656,"y":1.034407138824463,"z":0.010894358158111573},"rotation":{"x":-0.007498685270547867,"y":-0.017998501658439637,"z":-0.00013497388863470405,"w":0.9998109340667725},"size":1.638846755027771,"orthographic":true}